ASN_config_cars_bfnd	ASN_config_cars_find
71320	Timeout
193607	Timeout
222302	Timeout
293395	Timeout
251151	Timeout
280596	Timeout
350549	Timeout
110458	Timeout
141468	Timeout
338763	Timeout
2948005	Timeout
3199252	Timeout
3407026	Timeout
3326182	Timeout
181775	Timeout
116417	Timeout
112926	Timeout
316336	Timeout
220522	Timeout
11318	Timeout
663512	Timeout
Timeout	Timeout
3215741	Timeout
2969091	Timeout
201602	Timeout
153277	Timeout
112631	Timeout
3559239	Timeout
143392	Timeout
91991	Timeout
372569	Timeout
222117	Timeout
15312	Timeout
2855671	Timeout
3387092	Timeout
247779	Timeout
3187483	Timeout
678462	Timeout
438623	Timeout
105573	Timeout
4397237	Timeout
1137733	Timeout
3012350	Timeout
2930860	Timeout
203534	Timeout
2991330	Timeout
749866	Timeout
110785	Timeout
2929221	Timeout
113004	Timeout
Timeout	Timeout
141847	Timeout
157025	Timeout
407891	Timeout
Timeout	Timeout
336890	Timeout
2885517	Timeout
14013	Timeout
311484	Timeout
3487424	Timeout
86603	Timeout
256162	Timeout
270937	Timeout
36407	Timeout
557175	Timeout
455314	Timeout
31268	Timeout
710314	Timeout
272173	Timeout
102626	Timeout
432723	Timeout
31153	Timeout
3506404	Timeout
432917	Timeout
23916	Timeout
339864	Timeout
287765	Timeout
135734	Timeout
105656	Timeout
2876916	Timeout
278444	Timeout
54276	Timeout
606435	Timeout
182494	Timeout
96652	Timeout
3088927	Timeout
149311	Timeout
3163061	Timeout
62435	Timeout
609144	Timeout
262533	Timeout
102004	Timeout
108175	Timeout
Timeout	Timeout
748425	Timeout
2831183	Timeout
95348	Timeout
47296	Timeout
340616	Timeout
Timeout	Timeout
3331415	Timeout
3532966	Timeout
2968314	Timeout
3443261	Timeout
259788	Timeout
289528	Timeout
37279	Timeout
3008146	Timeout
3147405	Timeout
239147	Timeout
12175	Timeout
77370	Timeout
3231543	Timeout
183820	Timeout
82649	Timeout
278697	Timeout
198696	Timeout
2905048	Timeout
164201	Timeout
342171	Timeout
108935	Timeout
15636	Timeout
171356	Timeout
171988	Timeout
2893738	Timeout
2965635	Timeout
2961979	Timeout
371450	Timeout
16042	Timeout
230991	Timeout
3020522	Timeout
Timeout	Timeout
856804	Timeout
273295	395461
Timeout	Timeout
195355	Timeout
3164791	Timeout
370958	Timeout
17583	267203
110521	Timeout
450905	Timeout
3288856	Timeout
Timeout	Timeout
135785	Timeout
Timeout	Timeout
83382	Timeout
Timeout	Timeout
414659	Timeout
251436	Timeout
3326555	Timeout
Timeout	Timeout
3047866	Timeout
3463278	Timeout
483992	Timeout
714373	Timeout
300329	Timeout
3157050	Timeout
11591	Timeout
196046	Timeout
331653	Timeout
3359572	Timeout
3645772	Timeout
Timeout	Timeout
679242	Timeout
82267	Timeout
2990014	Timeout
233291	Timeout
10611	Timeout
78549	Timeout
365407	Timeout
3005932	Timeout
2844999	Timeout
60216	Timeout
4615866	Timeout
357855	Timeout
305214	Timeout
248369	Timeout
Timeout	Timeout
707249	Timeout
313433	Timeout
Timeout	Timeout
778757	Timeout
111149	Timeout
381140	Timeout
294806	Timeout
297917	Timeout
56350	Timeout
141573	Timeout
214020	Timeout
222056	Timeout
143256	Timeout
Timeout	Timeout
13332	Timeout
144518	Timeout
71752	Timeout
114678	Timeout
82128	344485
143486	Timeout
3364549	Timeout
3450907	Timeout
54784	Timeout
64346	Timeout
233978	Timeout
147462	Timeout
365888	Timeout
170857	Timeout
24439	Timeout
314251	Timeout
3688502	Timeout
987104	Timeout
3081166	Timeout
176272	Timeout
Timeout	Timeout
461727	Timeout
3688134	Timeout
234443	699548
228224	Timeout
463300	Timeout
320668	Timeout
3051728	Timeout
3172071	Timeout
Timeout	Timeout
703850	Timeout
35743	Timeout
674918	Timeout
3319899	Timeout
24661	Timeout
3565921	Timeout
353215	Timeout
11726	Timeout
8610	Timeout
3042018	Timeout
Timeout	Timeout
3263645	Timeout
589411	Timeout
3796163	Timeout
3352354	Timeout
309635	Timeout
Timeout	Timeout
552557	Timeout
3288942	Timeout
3565129	Timeout
232490	Timeout
Timeout	Timeout
281608	Timeout
873559	Timeout
792981	Timeout
397557	Timeout
619171	Timeout
3094114	Timeout
234376	Timeout
3445569	Timeout
135335	Timeout
3421031	Timeout
31151	Timeout
2838458	Timeout
236306	Timeout
137767	Timeout
175972	Timeout
2885291	Timeout
3324529	Timeout
3367388	Timeout
989627	Timeout
186539	Timeout
275862	Timeout
273770	Timeout
51684	Timeout
347646	Timeout
325987	Timeout
Timeout	Timeout
569049	Timeout
2972679	Timeout
Timeout	Timeout
2920467	Timeout
Timeout	Timeout
2906054	Timeout
352414	Timeout
200343	Timeout
264751	Timeout
57379	Timeout
81423	Timeout
3798760	Timeout
419234	Timeout
230781	Timeout
45102	Timeout
109291	Timeout
3239024	Timeout
Timeout	Timeout
185002	Timeout
3457724	Timeout
246278	Timeout
232388	Timeout
300540	Timeout
237587	Timeout
72544	Timeout
3503176	Timeout
3006383	Timeout
714255	Timeout
19656	Timeout
296878	Timeout
579768	Timeout
3208244	Timeout
165191	Timeout
199202	Timeout
392231	Timeout
86655	Timeout
685232	Timeout
154094	Timeout
128597	Timeout
422915	Timeout
525394	Timeout
62861	Timeout
2981697	Timeout
280489	Timeout
3139881	Timeout
2857915	Timeout
51124	Timeout
158248	Timeout
3305109	Timeout
601321	Timeout
3042530	Timeout
2923323	Timeout
152523	Timeout
81923	Timeout
156145	Timeout
28812	Timeout
Timeout	Timeout
248735	Timeout
284585	Timeout
186900	Timeout
Timeout	Timeout
3577434	Timeout
219948	Timeout
556704	Timeout
83800	Timeout
Timeout	Timeout
Timeout	Timeout
316098	Timeout
115744	Timeout
155042	Timeout
16753	Timeout
289028	Timeout
3371954	Timeout
513966	Timeout
237693	Timeout
3129258	Timeout
37289	Timeout
427916	Timeout
159007	Timeout
3472501	Timeout
272437	Timeout
3360701	Timeout
3517181	Timeout
279642	Timeout
207425	Timeout
3510777	Timeout
86212	Timeout
32873	Timeout
3171136	Timeout
594012	Timeout
215996	Timeout
3149216	Timeout
37521	Timeout
221428	Timeout
116668	Timeout
98327	Timeout
214343	Timeout
3522858	Timeout
3116371	Timeout
3190736	Timeout
520300	Timeout
199912	Timeout
3234051	Timeout
134660	Timeout
3229994	Timeout
3537812	Timeout
280837	Timeout
294184	Timeout
244893	Timeout
813433	Timeout
Timeout	Timeout
314005	Timeout
421417	Timeout
Timeout	Timeout
3420464	Timeout
562713	Timeout
609617	Timeout
125285	Timeout
398493	Timeout
224511	Timeout
3634866	Timeout
44152	Timeout
3332616	Timeout
49702	Timeout
649844	Timeout
32376	Timeout
Timeout	Timeout
302996	Timeout
200157	Timeout
3355073	Timeout
3277265	Timeout
498987	Timeout
126894	Timeout
77441	Timeout
146846	Timeout
208291	Timeout
709883	Timeout
301462	Timeout
349227	Timeout
454020	Timeout
21412	Timeout
361996	Timeout
302343	Timeout
458487	Timeout
466932	Timeout
54177	Timeout
237358	Timeout
652336	Timeout
238703	Timeout
386710	Timeout
68854	Timeout
349399	Timeout
3330306	Timeout
Timeout	Timeout
15969	Timeout
3440964	Timeout
298566	Timeout
248888	1843521
201995	Timeout
411011	Timeout
192206	Timeout
396433	Timeout
33948	Timeout
696429	Timeout
253097	Timeout
66841	Timeout
3140177	Timeout
Timeout	Timeout
152614	Timeout
671801	Timeout
2939255	Timeout
3240246	Timeout
225459	Timeout
129381	Timeout
1047753	Timeout
Timeout	Timeout
3270735	Timeout
114958	Timeout
414586	Timeout
240452	Timeout
2962267	Timeout
89472	Timeout
381240	Timeout
29027	Timeout
Timeout	Timeout
3532034	Timeout
3259842	Timeout
Timeout	Timeout
3372208	Timeout
2912601	Timeout
Timeout	Timeout
405029	402860
323676	584062
218563	Timeout
Timeout	Timeout
4436094	Timeout
242133	Timeout
3301703	Timeout
54927	Timeout
328113	Timeout
Timeout	Timeout
78049	Timeout
180553	Timeout
810955	Timeout
3113323	Timeout
327539	Timeout
2965236	Timeout
Timeout	Timeout
94312	Timeout
48861	Timeout
149549	Timeout
262797	Timeout
Timeout	Timeout
270035	Timeout
44860	Timeout
378751	Timeout
180470	Timeout
Timeout	Timeout
657264	Timeout
3467056	Timeout
2830806	Timeout
131527	Timeout
224799	Timeout
154331	Timeout
203453	Timeout
3332472	Timeout
140532	Timeout
303273	Timeout
124626	Timeout
128594	Timeout
12014	Timeout
3149856	Timeout
387021	Timeout
3323196	Timeout
96834	Timeout
181738	Timeout
417060	Timeout
3340818	Timeout
Timeout	Timeout
3376792	Timeout
664330	Timeout
186522	Timeout
3449151	Timeout
764733	Timeout
110275	37552
3776460	Timeout
364443	Timeout
328666	Timeout
747496	Timeout
2890040	Timeout
3339724	Timeout
219033	Timeout
3343014	Timeout
9364	Timeout
297130	Timeout
153478	Timeout
251535	Timeout
2919755	Timeout
Timeout	Timeout
83244	Timeout
362594	Timeout
2918561	Timeout
14982	Timeout
Timeout	Timeout
546420	Timeout
3426651	Timeout
146477	Timeout
516298	Timeout
57755	Timeout
68734	Timeout
271717	Timeout
458598	Timeout
189740	Timeout
694177	Timeout
3111456	Timeout
320337	Timeout
130043	Timeout
341671	Timeout
16855	Timeout
269078	Timeout
172319	Timeout
3423250	Timeout
3037106	Timeout
309441	Timeout
148108	Timeout
2840451	Timeout
691135	Timeout
286154	Timeout
281598	Timeout
248134	Timeout
167650	Timeout
2907126	Timeout
270683	Timeout
629960	Timeout
125437	Timeout
189572	Timeout
168871	Timeout
168646	Timeout
267390	Timeout
3155186	Timeout
296322	Timeout
Timeout	Timeout
3282665	Timeout
35288	Timeout
89284	Timeout
251486	Timeout
3222275	Timeout
2900526	Timeout
15764	Timeout
3171906	Timeout
3426061	Timeout
311383	Timeout
389339	Timeout
3459470	Timeout
415751	Timeout
581967	Timeout
3817343	Timeout
187957	Timeout
9874	Timeout
155035	Timeout
77281	Timeout
81070	Timeout
48386	Timeout
486768	Timeout
128042	Timeout
250150	Timeout
2945820	Timeout
584864	Timeout
311807	Timeout
3448609	Timeout
525371	Timeout
130801	Timeout
3021797	Timeout
598105	Timeout
Timeout	Timeout
128925	Timeout
Timeout	Timeout
3381845	Timeout
14488	Timeout
Timeout	Timeout
166435	Timeout
626980	Timeout
2838437	Timeout
104931	Timeout
673131	Timeout
404594	Timeout
114196	Timeout
93088	Timeout
404787	Timeout
Timeout	Timeout
179133	Timeout
26608	Timeout
4258644	Timeout
2867147	Timeout
15775	Timeout
35166	Timeout
3379734	Timeout
12911	Timeout
431655	Timeout
60281	Timeout
24979	Timeout
3323551	Timeout
650403	Timeout
165508	Timeout
7136	Timeout
31209	Timeout
Timeout	Timeout
336237	Timeout
79966	Timeout
289103	Timeout
295849	Timeout
278945	Timeout
38069	Timeout
316535	Timeout
220121	Timeout
140716	Timeout
3217392	Timeout
281662	Timeout
92488	Timeout
3435329	Timeout
3224786	Timeout
276455	Timeout
105178	Timeout
410024	Timeout
408886	Timeout
4318422	Timeout
293651	Timeout
Timeout	Timeout
239144	Timeout
3048636	Timeout
590127	Timeout
102826	Timeout
521622	Timeout
206732	Timeout
2859458	Timeout
76942	Timeout
284598	Timeout
215457	Timeout
220546	Timeout
3176232	Timeout
41647	Timeout
291993	Timeout
537190	Timeout
721066	Timeout
225399	Timeout
26943	Timeout
21182	Timeout
Timeout	Timeout
95075	Timeout
211070	Timeout
492090	Timeout
176677	Timeout
121738	Timeout
302149	Timeout
260854	Timeout
37673	Timeout
297750	Timeout
3224593	Timeout
62632	Timeout
314593	Timeout
314083	Timeout
615234	Timeout
3661720	Timeout
45404	Timeout
3846888	Timeout
251916	Timeout
3660405	Timeout
43703	Timeout
634514	Timeout
368785	Timeout
280660	Timeout
3189234	Timeout
33232	Timeout
246778	Timeout
46917	Timeout
2947113	Timeout
422652	Timeout
3263910	Timeout
3354747	Timeout
186677	Timeout
2916596	Timeout
455023	Timeout
81710	Timeout
3172707	Timeout
348163	Timeout
2855703	Timeout
170297	Timeout
3088367	Timeout
43843	Timeout
226848	Timeout
57349	Timeout
205356	Timeout
202156	Timeout
3269359	3266848
55117	Timeout
167815	Timeout
4280165	Timeout
3065191	Timeout
184886	Timeout
403338	Timeout
Timeout	Timeout
376492	Timeout
Timeout	Timeout
105368	Timeout
3049854	Timeout
87427	Timeout
648595	Timeout
3205077	Timeout
49858	Timeout
32641	Timeout
40783	Timeout
218428	Timeout
393851	Timeout
2906887	Timeout
2876769	Timeout
148366	Timeout
13295	Timeout
655873	Timeout
3575110	Timeout
507545	Timeout
224290	Timeout
71192	Timeout
66883	Timeout
94732	Timeout
68688	Timeout
52525	Timeout
2972311	Timeout
161426	Timeout
806304	Timeout
462309	Timeout
107130	Timeout
345542	Timeout
3157096	Timeout
427136	Timeout
47471	Timeout
136961	Timeout
1117225	Timeout
Timeout	Timeout
291117	Timeout
2990230	Timeout
656695	Timeout
3133893	Timeout
126647	Timeout
535988	Timeout
301527	Timeout
2858144	Timeout
346148	Timeout
84299	Timeout
289161	Timeout
3430960	3604908
530303	Timeout
261784	Timeout
4111650	Timeout
233002	Timeout
245218	Timeout
Timeout	Timeout
696023	Timeout
658120	Timeout
667322	Timeout
Timeout	Timeout
759134	Timeout
267875	Timeout
163077	Timeout
2853911	Timeout
4582559	Timeout
320239	Timeout
2918039	Timeout
150553	Timeout
171647	Timeout
428037	Timeout
Timeout	Timeout
198741	Timeout
451847	Timeout
3001977	Timeout
60962	Timeout
3218092	Timeout
49706	Timeout
Timeout	Timeout
3425187	Timeout
81950	Timeout
787943	Timeout
31398	Timeout
20301	Timeout
196867	Timeout
247334	Timeout
236580	Timeout
4314202	Timeout
46061	Timeout
187648	Timeout
70290	Timeout
3474635	Timeout
3433014	Timeout
229587	Timeout
234665	Timeout
31895	Timeout
209876	Timeout
2980087	Timeout
61413	Timeout
261234	Timeout
247607	Timeout
560472	Timeout
3861487	Timeout
179993	Timeout
396428	397753
3148597	Timeout
662083	Timeout
Timeout	Timeout
327775	Timeout
Timeout	Timeout
83569	Timeout
572772	Timeout
2953136	Timeout
2991324	Timeout
168362	Timeout
75126	Timeout
3036363	Timeout
162778	Timeout
280528	Timeout
236522	Timeout
2994870	Timeout
Timeout	Timeout
3432578	Timeout
719194	Timeout
110288	Timeout
320184	Timeout
55924	Timeout
3255345	Timeout
198635	467903
Timeout	Timeout
124581	Timeout
3765337	Timeout
3399185	Timeout
205254	Timeout
79584	Timeout
47921	Timeout
3512557	Timeout
393809	Timeout
79240	Timeout
211646	Timeout
45996	Timeout
3007472	Timeout
412825	Timeout
60609	Timeout
308435	Timeout
372619	Timeout
162070	Timeout
3623552	Timeout
83880	Timeout
85709	Timeout
123193	Timeout
501173	Timeout
123679	Timeout
3157421	Timeout
416791	Timeout
593968	Timeout
101322	Timeout
3495304	Timeout
153539	Timeout
2839985	Timeout
782976	Timeout
3297682	Timeout
3428636	Timeout
565552	Timeout
Timeout	Timeout
664827	Timeout
3364691	Timeout
Timeout	Timeout
111218	Timeout
37852	Timeout
186299	Timeout
719615	Timeout
126636	Timeout
3129338	Timeout
194335	Timeout
3541817	Timeout
106013	Timeout
Timeout	Timeout
148599	Timeout
132045	Timeout
156951	Timeout
204351	Timeout
145794	Timeout
9432	Timeout
75393	Timeout
3379188	Timeout
4703813	Timeout
3336189	Timeout
128477	Timeout
3282232	Timeout
3290639	Timeout
85995	Timeout
192166	Timeout
140823	Timeout
178430	Timeout
64129	Timeout
298362	Timeout
129845	Timeout
133277	Timeout
Timeout	Timeout
3766063	Timeout
2905249	Timeout
791580	Timeout
3206355	Timeout
116517	Timeout
38230	Timeout
244371	Timeout
250246	Timeout
3480247	Timeout
Timeout	Timeout
483388	Timeout
2920184	Timeout
77819	Timeout
3280802	Timeout
154686	Timeout
464921	Timeout
3460396	Timeout
180183	Timeout
353062	Timeout
438287	Timeout
96161	Timeout
538621	Timeout
623230	Timeout
78800	Timeout
3384952	Timeout
327929	Timeout
3473835	Timeout
2898522	Timeout
Timeout	Timeout
37310	Timeout
Timeout	Timeout
726445	Timeout
36433	Timeout
3264719	Timeout
3033389	Timeout
3040125	Timeout
168962	Timeout
135615	Timeout
170869	Timeout
522389	Timeout
286390	Timeout
48107	Timeout
105919	Timeout
660487	Timeout
232318	Timeout
4589713	Timeout
3005378	Timeout
Timeout	Timeout
93537	Timeout
191025	Timeout
982427	Timeout
50503	Timeout
496181	Timeout
2974394	Timeout
544977	Timeout
2878801	Timeout
204422	Timeout
193975	Timeout
310315	1976347
189430	Timeout
3526805	Timeout
13408	Timeout
3877979	Timeout
3610826	Timeout
3596235	Timeout
15616	Timeout
240110	Timeout
3322373	Timeout
2888354	Timeout
3672728	Timeout
Timeout	Timeout
