ASN_config_jogging_bfnd	ASN_config_jogging_find
2606	1690
4688	3016
5207	9248
8305	10177
13483	529
5143	17560
5961	19154
5626	18418
6575	9273
10190	17909
2475	2395
3603	4689
3752	41666
8378	14657
4847	51122
7907	46472
6213	22501
3452	957
16422	70057
7126	11166
7798	16940
29707	91520
1785	2821
40106	66194
7155	22864
5077	6721
11709	49863
16192	150384
38339	35140
13603	58467
10946	177059
7389	1049
4090	297285
6480	416033
47627	12728
15769	167585
9269	972
4751	26152
5258	61949
7594	45440
3967	21512
15263	10557
10253	5795
5265	747081
35400	61909
10752	759070
11112	56028
8602	42579
9138	5328
11777	15137
12512	35365
16091	15961
4285	875
3971	1046136
8124	17271
7406	29669
3682	1012554
6665	24120
17506	1133282
16972	49522
56587	1177093
44605	1214918
4428	22801
10498	129488
4297	762406
17438	12101
19859	15966
11191	85257
4744	49943
4873	378
10855	13440
6711	1148796
5559	31309
11146	20618
16368	199655
9559	16852
29443	28191
11833	12049
5034	60626
15681	107701
11242	17734
3509	70440
10730	40715
11807	12434
18342	15602
11919	20282
4520	770332
7019	49716
5169	3189
6786	5024
15460	91787
3157	1087
16079	251230
10925	1812307
6021	60594
32881	37005
11619	8925
12534	49041
20023	355524
21489	77685
7362	47009
4799	1000501
21235	11205
5052	64354
11844	113092
20448	199358
13710	38790
2357	1874
10863	49644
33372	846330
34889	50471
7904	24660
5443	52817
16877	1704598
10350	744841
16091	59749
10774	10728
6305	27232
17760	22099
37372	164502
10465	1363958
24975	1776076
9263	64588
11536	104239
6574	2475
17221	58340
4015	34392
5586	16452
7078	1036
13377	8929
16252	29999
6902	2896
10525	25566
12448	35393
3631	46491
5733	3126253
24118	41358
4203	62807
12121	1287018
11853	24814
20272	11169
9442	4234
24724	2751823
12023	3253455
4506	46469
7121	296577
8141	89717
6084	58112
11848	1657625
5717	12491
12097	192961
17256	86325
9525	1497
4111	40465
8336	43861
15536	899822
10718	75542
3595	3756
6134	6925
12791	398494
6835	1432
17834	47291
7313	24004
16180	43151
11034	25314
10120	226323
6867	1387514
16834	17608
4714	59509
10004	194291
4212	75370
16762	149734
18476	45237
30651	698876
8456	409653
6790	545128
16906	20461
1967	2007
30354	45213
12441	8993
11206	17561
24662	1791036
10803	1193292
9627	6145
3656	49728
23456	1134159
5733	26611
4190	20698
9255	847
4369	49543
12612	486875
10916	14279
16953	40828
11975	89742
17669	33833
4573	18159
3855	13250
8765	756217
8801	52572
15681	433845
16070	110125
1665	1676
4801	54694
4150	927
7698	17011
15555	383048
5317	1838
10436	Timeout
2745	1045
8042	5448
12026	Timeout
13174	17118
7290	379
16666	49889
5162	22762
11327	1747333
8673	26983
16077	103497
33786	29160
11003	236405
6515	7542
18393	4395320
6434	21917
4171	57809
11595	31206
6324	1367063
3413	527
17250	769199
8763	7982
10228	401666
10984	4232624
16646	651323
2302	522
12236	3289
10499	19993
7385	1226186
31189	32660
7485	19611
21857	732894
7466	44786
10025	750338
33418	109834
24049	627339
20145	180962
18654	428530
21383	11277
6967	15765
25543	18964
7192	27693
10229	54670
35675	2601086
4399	25215
16101	2785252
5173	27339
4252	5790
37593	29055
13476	1103245
7400	64929
10908	2765603
4065	398628
14758	25335
3831	23119
43270	231272
8761	265467
25912	11143
17658	47473
12906	27624
12057	2232199
2225	4771
11961	433817
10009	2509535
14633	10898
19450	1285420
17012	60992
10142	76184
5126	23166
9348	30168
5997	6872
34919	35058
2360	1432
21763	2004768
3816	831522
8768	15331
31271	36539
9935	280491
8372	20511
24391	40626
4621	16136
9428	21334
8276	48593
4403	1107568
6476	34625
7729	15864
30850	171058
6575	21698
13353	122382
16061	438935
12221	15645
3959	677392
8056	828718
6329	70683
9325	11173
7400	11111
8251	77520
10780	34448
3858	20483
5504	7862
23339	184026
25306	1372083
18220	822546
3600	5800
10850	724527
12753	46102
6784	20349
4790	2553
18173	23606
2852	1515
13590	705421
11857	1310040
10942	85310
10671	6656
5062	17833
10849	383435
6153	45367
11366	93534
8452	23984
15740	1552663
20885	11162
4090	2601
5698	46676
5662	4856
30741	31953
4587	61061
11397	64350
3961	65849
16189	430273
12698	19231
16011	42659
10462	10616
4052	979314
6352	3290
18412	49259
3889	2578
15900	1101473
12390	3910145
6342	20451
4775	11189
20536	11161
16847	77423
5014	27218
9173	711443
13171	15597
12678	108469
23039	45574
7833	62998
3328	628
12278	1475375
9975	899
7497	770346
29968	32603
4681	27156
10091	Timeout
4256	44804
3848	2743100
4740	39337
30461	56057
4342	4326
30359	59623
3575	47649
17721	4167570
11071	19008
10344	876637
7233	23138
4562	2867784
7434	2018
5913	661841
6869	99482
4449	191640
4979	17620
18560	12134
8466	5496
11929	33375
6749	2601
4295	2346
1332	3474
10025	747630
3812	32653
4528	25286
16271	1073807
3542	9828
4880	26989
9072	780437
17495	437684
5261	7092
8275	635279
11093	1715777
9896	709738
4563	666507
16295	99312
8992	26844
12065	48727
33343	1214235
3647	54660
8215	5042
24714	4147406
5125	13199
12382	44919
51483	157420
20994	1110213
18202	Timeout
24177	68543
1685	4356
5305	870999
10917	11210
8142	810895
4284	700489
6778	30443
3700	23351
10339	12031
12021	1308274
10151	5812
3808	47631
7012	41569
18916	328760
18106	17917
3583	7243
3898	47630
10266	54705
9903	240265
3845	12863
16504	15874
3732	27126
17368	14340
18975	81549
8732	43010
12283	1021829
3821	48418
16043	49833
4745	22619
11446	13306
8623	18897
16403	55696
4768	17991
16946	498320
3836	12131
4684	763534
9361	13458
4240	17458
33219	72668
16149	2881264
17372	4283837
22780	8946
8765	2595
11953	622696
8344	660965
17033	20486
17861	745010
4064	13113
18204	810
9946	48733
14574	82658
25419	421762
12208	68062
21296	3837451
30147	109688
16439	92646
10228	2627
10094	182618
12240	102533
3883	192658
43970	111278
5012	669
20568	18235
13948	1620638
30954	2714921
5358	663167
12701	60986
10887	126857
14575	744219
8934	82624
10771	26119
6474	920872
3897	33267
31193	59553
4971	656394
4746	25005
12231	406821
3701	21476
9987	215502
11514	64175
24678	54334
8006	49771
35589	61752
21216	844510
6848	6732
11871	46402
4065	783
35237	520634
7256	1998964
10149	28506
4308	4422
4903	58504
12518	522268
16437	28150
2459	1704
12372	24514
1159	7342
14835	25341
8828	14034
3631	201590
10927	77076
15228	428116
12862	20567
2662	1002
10508	40787
19544	11154
5863	17190
6493	770547
23459	77075
16163	20849
10169	11099
3596	20913
11507	74884
38892	37793
24422	26983
4821	67669
21852	1232079
5238	23524
6948	42146
11154	44995
18906	Timeout
18952	3123651
35226	1220387
4437	12704
5246	51506
16030	1068725
17143	380867
5738	47642
19322	18279
30956	1062358
3609	2517
10568	751513
2452	3898
7617	19399
6030	5047
11158	3182
50005	775992
14756	14050
6341	44794
9111	25523
10778	4155014
11469	95488
17402	1082793
44180	70454
16643	33620
24063	2703417
23237	36093
8436	1735418
10931	937876
4212	2607
7273	885
1319	640
13228	8939
24117	101780
3892	23084
15711	175548
16285	183373
16944	257424
16936	165589
23113	57062
33029	414530
7831	3310
21196	8955
12393	49173
37635	73675
10928	50607
8468	1339302
3381	1996
11985	18100
7784	9314
21823	11193
5017	5994
11778	89757
10267	10589
11517	50331
15373	1338673
1472	6399
10528	21421
8185	16757
6288	893223
4379	36038
10388	1763584
7429	6228
12843	87583
17334	91991
4344	9233
6125	45345
3949	27215
3699	2151
10542	1062
24713	3220130
5657	24697
22997	719664
16663	1654095
11896	389180
3645	935
4373	23388
24192	58772
8576	47486
4359	33941
12431	47104
4205	60942
16771	45236
4029	642788
7921	878
7857	7447
1752	1232
48041	35040
23834	384096
3137	1020
29025	126035
4697	2617
50279	70840
4618	36521
21960	3043632
5558	2524
4152	1475471
8724	16555
9176	38763
11451	3821491
3108	3443
33728	177479
5982	12236
16531	823137
4341	871766
10996	56144
16693	41017
7389	6675
22397	11173
9277	671276
4996	11959
3703	5623
38331	181096
7758	1933598
3984	14678
6919	3377
2381	904
9348	15561
3765	814920
10056	185641
6596	6685
6084	25867
1359	859
4000	32910
11474	103191
10010	99922
10001	51864
6433	10651
16680	31089
11530	1500
11602	1202836
10154	49462
46731	26699
3579	48832
18857	38513
31000	366441
4583	69392
4595	31278
23732	41061
16276	17958
10434	28181
16877	714318
11881	4069851
8115	31257
24900	1965190
31760	13208
36454	114018
7392	57504
17311	1536942
29499	56793
32375	60512
10117	63478
8992	15391
6205	17395
10526	18058
6649	43754
9339	2607
24125	40845
4431	4943
19618	642810
4768	824
5046	2395
5378	2478
9424	335901
4729	7586
10078	930749
34892	3345653
14287	690426
9511	91111
5669	30122
7355	19992
5182	16019
11330	55676
30593	55747
5931	45593
17685	103424
5114	1217
16521	851009
17322	15274
7009	3312
9062	17965
23689	87587
1284	781
9715	30986
5330	726121
24964	178582
32222	30394
7338	27156
4667	345283
29597	61701
12160	Timeout
5486	1086061
17137	41116
5693	52975
6495	47766
8157	8941
17496	111701
6671	1080
53176	678633
18306	21072
10043	92579
4756	13081
5369	21802
7855	660117
5714	17188
7234	44346
9993	4051960
30071	2097091
22930	63249
30986	3549988
23745	105544
13591	4161
14639	697698
11879	195713
4187	2969
17189	89123
3651	13402
30471	15909
3945	48288
30215	1433668
11613	1456321
13772	53682
3504	44640
3835	14463
27683	49577
7588	15298
3736	5031
11795	52113
16351	434695
10494	908756
10213	80478
4979	57046
4312	11640
10030	1738664
10433	36408
12455	4013895
4223	26322
7906	1299
10891	6909
30241	407643
14340	1735322
6681	8650
17622	89343
33365	Timeout
4770	942
7220	14600
8359	762421
11320	108593
5047	250246
13170	47473
12436	1129522
10212	1195067
18336	61758
8253	21997
5511	2331
5154	1012945
8309	52976
14974	47282
4145	37659
11163	47270
4011	21638
11261	47303
19853	33868
4052	86468
13415	14756
10130	34654
4457	21030
11008	115264
16937	4149980
13305	8017
23776	97406
5756	6411
7545	755
10412	3373606
8523	674401
12433	24465
5892	2052
12554	7982
9156	38894
16809	56121
10866	13434
44325	2491572
3852	26010
4715	69222
16722	109043
6768	2645
3239	397
16000	20665
11741	24993
2885	820
22340	4217822
4488	2189
10090	89303
24264	859058
2910	986
28783	842552
15728	98803
10966	143423
11660	927930
4950	8564
11747	1316720
7472	24682
16325	84378
22790	5901
8307	13799
12229	950
10813	25560
17435	12122
5675	3389
7960	1214
15850	34416
16780	4497515
8645	5218
4131	21137
17620	373661
10230	7579
7154	25062
4604	20595
3803	2281
10424	51757
5162	36092
11515	1354243
12287	18082
11302	98766
24258	82227
22372	1558288
19635	37995
17303	33980
17276	57506
26099	39720
7631	59541
5659	19151
16772	1084066
17353	Timeout
9085	17331
2238	854
33858	750435
4900	1555
17301	15916
5737	1302513
7399	24025
4865	46714
28480	18053
5074	31815
16906	194888
3688	12813
17593	15875
1269	2388
6463	62395
15461	17898
9991	426428
8590	672159
44173	2543008
10300	34760
4983	1433154
4107	4818
4910	338182
5578	4807
9107	13487
10928	167591
6369	3323
5457	65139
3922	21236
4755	51029
22974	54276
5512	29410
16292	26597
18986	169021
15612	91377
3612	14853
10073	21459
11726	31081
9051	31915
10072	187313
8586	39933
5872	1273
3823	1813
3709	2283
5697	10159
9768	29705
8556	45143
5179	2608
6176	15513
2223	2447
24211	2480
6228	17123
5296	15360
7348	16614
17566	98517
3025	1742
4182	12509
5512	11693
5728	17282
21516	38125
8067	1466
2495	2214
1389	2133
4572	21876
23876	1307928
4760	961
30741	34604
6136	923
13999	50881
12883	40805
13390	14752
12949	102650
31662	988684
6793	48780
12386	108747
11859	2728697
10731	4363
7250	6660
2546	2738
6671	637852
6088	21877
3545	858
9857	5031
6677	16075
18049	69353
12891	1269686
19442	26968
12484	24424
2030	875
8034	24494
8814	3148
14389	16624
10258	22828
24773	26644
16508	82413
33044	39892
17901	1106325
5402	34600
17363	61535
12627	183082
5276	49418
10205	11176
7598	874604
9508	7378
6906	10191
10929	72066
8443	20444
21669	1326286
9466	28672
24832	924440
18326	1710701
3912	3183
10434	21231
17620	132831
10757	192685
33338	18836
16541	1044934
10554	18926
12976	45695
5731	689225
30570	85074
11675	3805086
31400	1523621
9716	658021
3605	1583098
6244	638290
24206	394255
11766	1092896
5763	1743839
17085	4866330
22025	2088452
24160	4191400
12106	2788895
11439	3300938
17090	4222264
17373	Timeout
