ASN_config_washer_bfnd	ASN_config_washer_find
881515	916672
881935	911799
914972	892869
933845	960772
886325	1259571
901290	1056838
904387	1266751
881972	1280829
889791	1085551
879486	1300080
879330	1815781
895174	921042
883885	960069
879929	1251326
885650	1173692
894218	1316024
900588	3790105
885099	1103500
884179	1247198
879457	896699
891481	3895739
881183	1753413
880668	Timeout
893445	Timeout
60211	1689909
67160	1740213
58162	1717525
897848	1335408
896273	1530537
884121	3831943
898211	1094506
885595	1800189
911158	1771535
953012	4464732
889524	1340550
878674	1032989
60647	1698928
889191	1063666
880351	1107625
69711	1687898
908581	1545462
879251	3823788
890146	3930103
880861	970051
890202	936554
878639	1813371
880974	1573078
892377	1000682
886551	4500029
898299	3874948
880579	959976
61117	1727745
892522	1702637
901091	1037382
906838	1785158
888705	1171452
885285	1935667
879340	1828117
881165	1200481
881928	1623992
908840	1215291
881577	1563981
884348	1150705
886567	1264382
887799	4033089
878711	1194814
63905	1716590
892337	3938970
884009	4144306
882480	1116232
887977	3935007
892448	1069614
904355	1910940
879338	1038937
885128	1271488
922979	3779983
880538	1011601
880856	1039235
883685	1582088
883663	4029275
888241	1093311
878991	1222071
883916	1271412
896598	1882876
901176	1858727
897421	1100084
884011	1293597
68610	1747183
879824	1110024
57894	1739916
896045	1247607
887126	3866803
66408	1779672
911354	1051783
58588	1748902
880383	1030812
912782	3863236
59174	1697386
81530	1689858
881992	1157855
881214	1080868
883513	3774424
899427	3871019
882837	3775102
880640	1149909
897014	910614
884101	1089945
879062	4564926
900621	1237703
891416	4229660
881718	1234736
883770	1008631
887188	1337887
914687	1548128
949253	1531822
901577	1944042
942240	1013270
881760	1275876
930791	Timeout
892834	3777247
878637	947225
66628	1718624
68037	1699609
890224	1544464
63122	1690466
894716	Timeout
881390	1099898
68997	1709214
881211	1172857
933231	3842766
939543	4487844
886343	1138320
888721	1161400
880252	4868140
902866	1315858
881885	1305490
59528	1707281
882402	1298273
62972	1702193
56486	1722314
58920	1745249
886481	1085024
882953	1946203
64651	1743595
881426	Timeout
880492	937099
880358	1322352
882048	1198208
881545	4105407
878824	1746050
915574	1590286
885431	1580355
879575	1167412
81657	1722537
56273	1705828
72658	1916090
899940	3925761
75365	1734632
881100	Timeout
885558	Timeout
92099	1729969
903103	1010627
890370	4113793
889472	997373
64233	1752533
890416	1284178
900065	905537
888978	1136062
65437	1783787
904577	4131030
883874	982154
890252	3927288
60647	1715177
890119	922587
71272	1754396
895151	1739468
57353	1712374
920053	1223793
883265	998574
967353	Timeout
881474	1759821
885341	1191223
911221	Timeout
79249	1716320
882384	1722670
60231	1720599
888728	4108191
884220	4115120
880743	Timeout
888127	Timeout
74490	1682942
884859	1693535
962011	3714554
896414	1105049
885275	925226
880421	1044531
884090	Timeout
57541	1708511
58861	1742917
880023	1691761
62666	1742688
880469	1000377
79961	1802474
878707	938557
879311	950396
879117	1217339
889920	1203993
881856	949024
57617	1696564
894172	1050765
883845	991675
900032	Timeout
886755	1631908
880139	1152235
883184	995807
880672	896890
886969	1644877
888814	Timeout
56529	1714779
918806	4640789
898667	1732746
881157	919732
61477	1724449
885547	982710
886634	1079692
879953	1302627
73551	1824710
903846	927007
887835	1112124
883350	921156
885242	4196809
880587	918952
891342	1803774
910930	1843336
897539	1053833
59213	1712592
893521	3951881
882047	4501421
888429	4083590
901521	1585697
975305	1165993
884972	1269069
890769	4027689
878859	1120433
890157	1731375
878593	1010984
886776	4039377
875248	892510
59852	1753750
887687	1615035
879815	1000111
882388	1843106
879583	1577524
906028	3867230
924483	1000285
881354	1012010
61630	1727657
879253	1109831
62413	1789809
882783	3777299
887336	4155615
879427	1091130
878720	1016471
895891	1861371
914634	3749426
892246	942427
942289	1576339
881833	1640108
883589	946045
880754	Timeout
893210	1658376
884421	1542441
69788	1727503
890225	1117683
895590	Timeout
908857	Timeout
884176	897391
59171	1706362
878641	1169659
881407	4252022
69114	1765817
888118	1902475
932758	1075377
884859	1322933
895387	1906166
881325	1290571
907167	3785856
878860	939213
883026	991797
879623	4253753
878618	1117823
881095	995133
881549	1273429
886264	3788097
914839	1314904
880223	938090
883761	1054127
906052	1816422
892866	1211308
878877	933964
884980	4096906
906090	1679024
881285	989635
884598	4825178
886542	1658434
878702	961027
926161	980158
935771	1021520
57834	1723871
891886	4212159
919959	1168029
892807	3985376
883677	895950
886289	3779744
901164	4197997
59696	1730109
878668	1109662
893311	1164111
880488	1077882
62122	1693604
879226	1030484
895653	1528858
65921	1785515
882301	937626
886320	930609
71397	1686930
880274	1085987
882991	1062408
889710	1705445
881993	1563558
879648	1574412
66526	1773595
57388	1742133
884045	3784036
879438	986058
897199	4128676
882362	1329944
879385	4127236
880503	1310125
60456	1730452
894546	1687182
894069	4501796
879102	1553028
57820	1723045
888875	1620329
880858	3997318
58564	1736952
897575	1036892
912895	4222964
879768	1044265
898548	4769647
63966	1718716
66148	1745315
905785	1629326
60886	1739019
892216	939770
878748	1797622
59538	1714277
57881	1738879
879073	3861114
883141	919523
881201	1602976
900913	Timeout
885536	1148334
881076	970197
62861	1753054
880759	959032
60688	1723514
882019	1344796
878665	1221976
889122	1311127
57739	1697012
881968	989906
885304	941170
61085	1693357
883515	922189
884301	1547717
890746	1252483
878921	1702811
882940	1037343
893512	3766557
84899	1739205
904570	4440932
906888	1286319
950885	1574356
906486	1833753
881341	998000
883779	1121969
894242	Timeout
63256	1744462
69501	1862527
57754	1752747
890190	Timeout
885305	927699
64198	1717670
908541	908819
894851	1045461
879270	1025092
880727	4490777
883653	979352
61680	1735958
888673	1005534
893780	1025484
57353	1704070
879902	4522090
881595	1217804
895877	3929827
908016	1183958
77192	1715946
64782	1768135
73594	1717572
880746	3779316
884557	1103461
882673	1940945
879553	3882548
57938	1761104
78065	1687050
920476	1216512
919854	4553962
75020	1707748
881802	1729807
903200	4110608
904648	1001889
879766	914000
888553	1538311
62248	1720851
902030	4039528
886579	1754592
881234	1000683
883174	1121764
889394	1939788
913662	1168564
885275	Timeout
892606	3779619
921859	4125936
882173	994994
57069	1693727
66498	1705838
911842	Timeout
884642	1232755
892207	3911735
884090	1264250
896837	1668146
878774	1083504
880921	1094418
879631	1943964
879321	1072009
960722	1728167
893557	1025426
881002	3895031
894801	1595521
62020	1708974
891293	1338119
878745	1187290
890900	986569
909887	1894412
881755	970399
883607	1203510
878853	999724
881212	1162756
883177	4473464
878804	4671125
884479	3803815
879847	1030762
878818	983055
60847	1708996
62362	1741921
883126	1185779
893376	Timeout
911600	957642
56360	1735840
65361	1783540
888413	1703400
886499	3831968
878717	1553426
58299	1765988
61555	1722577
880554	1014611
878955	961086
875424	917426
883236	1591725
881718	1097278
66282	1755887
66092	1878072
881661	932137
879801	3887836
883621	3776452
883120	1541390
890175	1044170
879927	1549584
887619	1869477
931709	Timeout
883876	897325
882570	992977
890541	1223349
905720	3818083
894307	4054896
914012	4052849
879066	963941
890711	4655959
887783	977458
883900	927478
881108	Timeout
881938	1312846
884568	4477861
882962	1053620
879476	1282802
884477	985045
889903	933980
882325	1132885
68665	1695908
880142	1275535
882850	1175739
878813	1128513
883665	Timeout
879845	890689
915780	4464643
55843	1701949
878702	Timeout
879289	1761910
884954	1340141
898017	1775122
896188	1131382
881543	1028582
879197	1214874
880399	889946
63373	1707967
879817	1701983
882808	4133426
878990	1219643
879564	1287631
880766	1962119
927131	4657859
879739	1263526
882604	1127064
894023	Timeout
75720	1736476
65421	1750393
882912	4570885
878569	936540
68475	1729734
888974	1199159
880492	989293
882432	1268815
878780	1199901
882404	Timeout
926238	1708350
887025	3869572
902484	1131236
890533	1274278
956843	1004826
879509	997680
895452	1633113
917977	4198215
880248	1091449
882052	1116245
60053	1760020
896385	1757649
878883	1217314
906516	Timeout
882879	1006902
888333	3934644
887136	1043710
880819	1227293
886346	1802538
67253	1687952
897652	1042866
884464	1057410
885510	1614089
929433	3899099
61928	1726375
882020	1147670
883150	892544
901073	1100150
890937	1050457
882455	4027826
59835	1874012
979983	3884563
891376	1019790
879966	1061474
943812	1282170
895069	1925781
59951	1743698
891333	917111
55674	1746806
884244	1029346
881455	954609
880608	1149793
879373	1184982
883049	929958
57535	2059845
879029	1735937
881138	1337135
879386	Timeout
878861	4103016
60740	1692062
916287	1170917
881773	919189
58405	1712571
914047	1288061
881081	1322402
885798	1048897
880276	938607
891542	1030692
887204	1593914
888638	1199085
98247	1677005
891642	1003300
880848	1261301
881676	978746
903423	3780054
883316	1541192
920743	4171093
898762	3893950
886043	946880
880250	1202788
882923	1577091
61373	1870744
900974	1674057
897608	3845273
91376	1668199
60921	1731704
55805	1795082
880143	1921403
881192	1293046
925934	3965644
886720	1567337
889737	964014
904018	4042694
60979	1741763
902796	1669057
878656	1353816
900997	1004217
894293	3778002
879276	997706
906591	903295
878753	1646475
880371	3859750
881290	1237082
878718	Timeout
883283	1865537
880398	883578
889158	4062563
878824	1027676
905004	3800514
879719	951311
899964	Timeout
880763	1028307
899745	1192204
884275	4743727
886537	952428
907374	979805
57995	1711138
880263	1110214
948293	1102546
893073	Timeout
881778	1003791
893480	1744451
945425	Timeout
907672	1740379
879299	3839110
878766	918378
77427	1733019
888978	3887090
882555	1652567
890166	1264485
884321	Timeout
61261	1751180
898029	1726788
883438	4013515
886600	1029862
898505	908128
932221	1625969
902243	Timeout
883475	1015458
888775	4060377
881215	906202
65123	1712108
881506	887878
882231	1050956
65451	1696724
888314	1874456
889559	1101608
888385	1554396
73842	1741530
882059	1062160
883252	1188359
890638	3935074
884349	1313223
878681	1013671
891018	4190953
72583	1686241
61197	1705151
887220	1342956
67364	1702888
878957	1592895
885532	1109038
62442	1718249
879883	1084009
902289	4041800
881601	1102682
881089	1187865
882893	3968083
64433	1688230
883079	1322695
902035	3776754
879212	1025084
902059	1086536
878883	920958
889823	4617399
881758	4158710
880689	1232137
881118	4154552
65786	1687018
61903	1806909
879427	1141859
884723	Timeout
888019	Timeout
884551	4194957
878718	3974985
884665	897217
880455	1551608
65099	1690529
886720	999625
882816	3934862
881320	945490
887789	3772263
883844	1087119
884094	902166
884182	1004544
898192	1812298
892664	1213711
75236	1752773
881642	1137178
883012	1148333
881122	1110555
907578	1010105
885364	1630083
58831	1740496
63157	1735372
879286	942005
922461	4134950
879958	1017014
62185	1761803
879744	1202708
909101	1776806
67382	1758273
73595	1691038
879714	1258635
921044	1194682
886625	922556
880821	1104996
65551	1715558
881747	916679
878784	1194804
887580	3772482
878754	Timeout
61620	1731863
879653	Timeout
883912	922262
904989	1693380
886804	1714881
880281	1014536
879390	984108
888485	4210739
884791	1663504
888646	Timeout
880913	1302866
879290	1857952
879463	4197520
886727	935377
880822	4576386
907663	4206057
70728	1716777
59703	1719107
72738	1674996
880198	1277970
883009	943352
878656	1709861
883983	930352
935552	3807335
883595	970969
62363	1804940
879462	1096564
893203	1125898
894940	4680549
879745	936844
901500	1271807
880638	1307712
883828	1007224
899403	Timeout
65930	1708377
886912	1539918
879869	901239
887256	1625058
900431	1628084
894562	3845569
59414	1715073
934881	1894325
882352	1198331
59302	1706749
884738	1062860
73051	1716495
895862	1235434
887115	1338077
888402	3775658
881507	1553197
888959	1245128
879687	Timeout
879123	954275
916069	4771619
879244	1101915
883545	4580177
67157	1735686
64943	1698419
897420	4462163
879510	956059
882043	1229929
61297	1708790
878557	941746
880016	4666714
882453	3815515
885620	1055672
885448	4254103
912534	1248953
880784	1249056
880932	904051
878628	1101522
910490	950436
933738	1293368
930006	1111779
885510	1215892
70716	1726950
879123	1013926
57583	1796809
896217	1552179
884066	990611
66556	1711238
879974	1104709
883974	1193711
878557	1049417
906970	4606817
887118	1855816
881940	1949991
885940	1114343
70714	1692573
886851	1664774
879811	3854794
879912	1571356
905489	1249522
59744	1726075
886469	933258
80048	1696777
897469	1171759
885468	897456
84724	1949638
879426	912958
879799	1058974
881554	1584235
879656	1222253
885318	4121265
883046	957044
889106	1063730
59253	1745291
896431	3862933
881901	1064759
941144	4058199
66376	1686489
909649	4172327
880185	986396
878645	1353726
887524	1005307
880690	1091694
879570	1069392
882436	1003959
879596	928983
60751	1763567
894934	959212
66592	1701879
880018	1144520
893203	4230301
62669	1700865
905154	910765
883430	1808580
57381	1746223
72384	1709879
68252	1754632
63830	1687151
883802	1121959
884875	1114135
882608	1349703
904311	4214321
879556	Timeout
892072	1254943
882430	1669264
878840	3779100
74376	1697046
892294	3883776
890612	1061191
892154	3999520
880177	1041659
63761	1717605
56149	1744080
58037	1715146
62800	1712957
885507	1639704
878600	1939529
60087	1735770
976683	1601691
880619	1069803
894617	1064391
64883	1709314
901419	Timeout
912104	1051779
66284	1724307
882425	3929771
892876	Timeout
63596	1727261
57734	1763149
884228	1590691
881369	1129211
881667	1232271
60196	1709673
900650	3985601
882914	1580042
884611	1235132
883620	1308306
67028	1713702
880722	897182
881101	1190372
881516	973013
881486	1288141
879023	3874976
883565	4205880
878791	969388
63632	1689376
894502	895918
69216	1696714
73482	1717222
76516	1686453
879914	1094015
879891	1735113
58079	1739550
881447	1290590
878552	4687404
879685	1036092
882248	948580
882244	1205772
880190	923876
885668	1871440
942946	1105598
883006	1188334
881924	Timeout
60298	1748423
61775	1773115
878735	3837103
884543	1043130
59930	1728773
890441	954835
927536	Timeout
887926	1041093
881138	1028414
888016	3838387
882576	1081295
900334	4159487
887891	911829
893620	1801598
96246	1689760
878673	1884261
57782	1720117
65760	1696823
880834	1167702
879705	939458
67180	1703616
884687	1558183
61242	1696363
882566	990076
57189	1720421
57344	1719800
62599	1736948
879646	3927104
882686	1094953
886908	1032620
883596	1018341
881190	899324
879780	1748220
905537	1837445
890856	1063963
886329	1548365
879615	1205091
885091	1004754
878984	1685953
58768	1731606
905086	4812951
880878	1232152
884108	1724198
887000	960858
892739	1881112
902029	4206864
879561	4148705
