ASN_config_stairs_bfnd	ASN_config_stairs_find
1833	1077
4720	2846
7786	3614
6351	4162
5870	5763
8327	2348
9370	6641
3577	9742
9091	8554
4982	9547
3787	17857
13181	6385
2056	2810
12797	10564
6460	3017
4258	15280
12567	11702
13355	10592
22667	5340
6387	4580
3903	4486
9006	8740
6363	4845
4960	8086
9765	3751
3015	2214
7511	19647
3864	7482
7745	7264
4286	14845
8974	1191
5052	4034
3456	30801
9130	3499
14165	6103
11093	6212
7823	3903
6001	9044
7226	5162
2002	8312
6300	4353
7432	11733
12210	14899
10891	3507
7524	5471
2406	3509
8388	730
2216	7195
13687	6568
8230	13826
14329	2948
5356	4588
11597	12124
6944	6696
23876	15004
11760	8430
10837	6457
12093	6471
16309	17189
7522	4880
7798	8013
5483	6865
10397	6019
17847	6382
8557	8608
10412	9361
8721	27188
6371	4123
13597	5962
7548	6484
7875	1984
8481	2028
9639	833
2890	13393
8162	9301
7255	15626
8792	10599
2927	9493
11919	6010
12746	14107
3541	7062
7858	3303
6175	16004
11788	8692
8520	7351
6317	13032
3028	7421
4883	6970
10839	19822
7560	6369
7252	11455
7593	6556
5731	12429
11613	6466
20250	2138
7027	1812
4273	2622
6936	9649
7306	12762
10091	9088
4973	4323
25844	1858
4509	5456
3316	12817
7017	5919
10614	3739
6127	3616
3347	3903
5389	2749
5912	11115
6556	7165
4125	6922
5593	4041
6593	7389
28017	2813
12504	2527
42989	7632
7392	11049
6207	3613
9094	2363
30060	10003
4378	3264
9394	6323
4225	6014
3722	15065
5597	11153
7416	10814
15762	1958
10208	13363
4414	3403
10989	4603
5005	6025
7833	6157
11121	9492
7191	18422
7766	18989
4427	3284
8848	17173
4939	5839
4359	12212
7555	3891
12037	8401
9575	3513
10854	3539
13147	4913
3812	7956
13670	4238
10161	1749
4489	8021
3531	12056
11019	8325
3538	1135
3889	7367
10633	7250
10012	5563
5672	8096
5713	16256
4250	18449
16061	4188
10041	6270
6059	14124
5778	5006
15152	7868
3113	4861
9746	21158
9063	13492
6674	14022
6082	4552
1739	8614
23338	6755
13839	8552
12001	14037
5561	22269
10932	7772
7824	5893
2543	4567
10679	7576
10304	10119
5890	8071
8680	21986
9775	7393
5645	3649
14020	7202
3941	7828
8197	2539
3829	2644
9659	8170
11925	1672
3654	8214
17844	30900
5917	2594
2968	14793
6183	8178
12858	3142
9947	8536
11866	12476
8737	2808
5093	4721
7842	6806
3487	341
13001	10928
5155	3786
12325	4237
9528	3288
1885	20003
10196	7490
3974	4181
12933	2577
16665	6384
9378	9330
13523	24002
14839	7476
10292	3868
9971	2975
8088	17594
8996	4549
6105	9747
5553	6043
7085	5981
10238	1096
10045	7206
8788	5038
11395	6972
10270	5485
8182	6561
14197	2483
12664	18983
10224	12053
9867	10493
10422	5556
5746	5301
1320	1736
16077	11626
4310	1053
3091	15431
3903	2307
9145	2650
7607	4551
4924	20693
7194	7626
14682	2659
7025	7708
2501	10739
9867	11481
8493	4767
7571	3559
5630	4712
11804	17047
7525	14035
12354	1273
5714	13726
6321	10719
5341	8897
5851	3732
8931	9031
6199	9147
11306	15555
8882	13838
5970	3448
3670	10380
16156	2791
5491	2234
12125	2843
5559	6785
5683	3877
5822	7726
5068	6232
10047	15375
9955	5278
14774	2839
7571	5100
5265	4971
6633	9247
5389	2021
11267	9601
11101	21997
5667	3880
7430	844
8935	2812
4005	2153
10852	9420
2299	7810
7254	10666
4799	19714
9106	5941
3813	8701
6086	6168
5122	7283
5694	5525
8587	2171
7922	7654
2645	3685
6496	15228
12788	11820
6959	3043
3506	5557
14208	7527
16137	18566
4515	1813
6231	4311
9311	4096
3399	7980
11076	29780
2246	2941
8920	3203
4201	5847
4904	2735
6136	5031
13231	6482
6123	3513
6194	1727
5817	4360
10300	7541
13213	7207
11465	17663
5318	11923
3605	5457
7838	8729
8435	3444
13592	3417
6986	7405
13591	7199
10682	27805
5075	34026
7845	9771
4629	6088
4110	3341
13931	5826
6696	8505
8566	9475
2608	10546
7491	7653
5423	4668
5269	20691
14522	6109
6190	9919
3009	5109
13256	4462
9229	8540
3069	6180
11163	6331
9705	7697
4881	4740
8824	10921
2813	4531
13365	13684
11000	14242
13096	4359
10091	9675
8924	7849
12757	6283
6953	4212
14076	7782
7644	3434
4891	11121
5956	2584
7300	3130
6229	14070
5415	11094
7996	11971
7153	4003
6626	4533
8768	11951
12119	6373
10786	6364
17189	3049
11146	14553
7554	6887
13362	7775
7084	12685
23254	12566
13250	2357
13080	6258
4516	8920
23247	5362
3551	12535
11556	2019
9686	2307
13804	7202
5795	4674
4181	9020
2668	9629
8057	20672
10561	6792
10065	2298
5638	6068
19856	8353
13900	5600
11680	8200
5628	5417
5989	15176
4185	7783
3825	9931
3440	9454
14029	8993
6652	11548
8972	20272
6706	8602
2807	5489
11289	13411
2080	9092
8076	7045
8057	22187
4587	1065
5733	4756
13957	6535
5237	4379
16601	7318
14119	5894
5067	5688
18127	11840
13593	8262
5026	10119
8803	2088
6201	10591
4606	9931
6473	1688
13600	1720
7073	6914
6501	2265
4140	7067
7028	3757
7706	10532
7212	22360
11191	5755
4744	7510
5241	3237
10504	860
8186	9269
7520	25195
8409	11271
11823	9600
5883	2086
5649	13104
10540	6230
5820	3691
14386	2658
4511	4024
13705	3883
4320	6879
14104	2885
14117	9616
7410	4844
8150	4755
12498	3204
6850	10107
6390	4465
14143	2662
3665	17748
5494	7592
4860	2201
16360	3351
3058	10931
7263	15919
11671	3826
7406	19877
4868	4898
7698	1943
6915	8038
7478	4041
10728	7171
3853	5134
5731	3550
15023	3366
8902	37055
23589	4922
10823	5859
15580	6515
10496	2683
8859	25546
7077	4470
2407	6491
12659	9888
14231	7957
13534	6300
11614	3985
9162	4722
6443	20362
5010	5667
4458	5661
6728	2794
7569	2265
9669	9039
20621	12852
5602	6979
5598	15402
11959	5118
4053	9256
7114	9588
12608	3613
3187	5629
14217	10205
4364	17755
2775	5835
6658	16644
11433	8213
5835	5774
10625	3046
7086	730
8911	5184
13483	8617
6502	10603
7782	22134
3927	4024
2676	14079
3229	2459
8944	7563
8544	1678
7744	11881
25503	9539
16730	6650
7416	1497
11088	6666
6354	3645
9333	11395
3144	14091
6946	5232
2853	8026
5451	7267
11286	4562
6257	11015
8389	9993
6137	8552
11958	11692
9165	5110
7466	2130
17426	13408
7779	12189
4193	478
7174	15543
8282	3960
6841	15202
5902	14480
7170	1706
12280	5749
4995	8235
21941	2280
11746	6988
7983	4432
3236	10722
4355	15915
5315	10933
8168	3749
25047	9213
15808	2640
11126	6251
10341	2373
7569	5182
17193	5669
5415	22718
7252	9350
7693	5866
3279	12275
3494	20329
10293	3621
13122	4120
10095	4427
3588	8656
11799	3996
6266	10470
4996	1507
5169	8749
14808	5853
7805	2487
12486	5768
16820	12633
8212	3943
9587	4849
7941	4319
8589	19762
9313	8270
6640	11894
6013	9558
9035	7503
10312	6866
4865	6400
12717	11049
10452	8810
2364	1296
8201	4800
7931	5592
6232	5891
3496	1529
10311	8064
9104	3009
3627	11310
19427	20693
4634	6656
4649	19474
10176	10052
6504	9132
22045	7718
6768	19650
2813	12158
11194	15170
2788	1628
2330	12521
5790	11377
10128	7998
2638	29185
2925	10016
2894	7834
4824	3096
2094	5375
14830	3478
4998	10803
6094	4728
6129	1449
3732	6158
5000	6162
4470	11113
4646	7321
5357	6704
7453	4822
19477	5822
4648	3296
2162	8790
11155	3534
10367	2690
4922	3679
6177	8381
3410	3097
3972	7060
2159	8243
2992	7686
4105	19388
9990	5637
9637	15613
5419	10696
4060	7927
6350	4820
10137	11313
11835	4730
6991	2625
11745	8653
11165	2867
9386	5091
6937	11937
7149	2349
13308	4124
14451	4833
5765	1462
5623	13039
9606	14042
9618	8604
3046	6873
6951	3002
18408	1502
17045	4253
6163	4813
3653	21605
7695	15075
7830	3804
13370	8097
9793	3550
4731	10200
5305	9707
10020	4659
5557	1473
10697	4996
6550	5452
11299	12753
8836	3695
8022	13012
5236	5142
11494	6960
8375	19532
14577	4540
6337	35012
10079	1183
12154	1798
8950	9128
5752	1729
13998	16941
9406	3908
10666	5495
16648	3917
6279	8516
8716	2001
3417	6305
9662	33104
7909	6615
15046	7086
14772	2749
7389	14362
3547	3296
20503	8001
5888	7693
6974	5657
3866	4336
4695	3831
9137	6604
6801	19029
9214	2599
9413	5812
5430	8762
5235	6987
11050	2964
14714	10461
15429	5447
5984	10301
12876	3398
3627	7773
6389	3979
23156	3075
6542	10707
15584	3593
4323	10854
4789	7660
14756	8404
9432	7584
17122	5958
1464	16198
5117	25710
7230	9221
5113	2649
8625	8835
6735	6732
16092	12884
2461	3796
7533	5910
7500	9900
12996	9341
6546	2579
5578	6900
10299	2622
4462	4957
7165	22319
8250	10348
4680	6088
3357	13590
4784	19226
7981	4672
14304	3187
13488	17238
6957	22009
9728	3697
2964	16870
5497	7826
6907	3326
10869	7743
9441	1501
6729	5958
12582	10597
15838	4041
11744	4673
9388	7814
14703	3188
6771	3863
2006	27315
17904	13185
11057	8904
7383	6649
9259	2131
11396	2688
10858	4306
6765	14764
5287	5487
7435	3953
5473	6002
7025	4686
14950	3406
4148	7174
13596	14291
5032	3979
5967	3532
12897	473
1591	7454
11799	2452
8576	6125
3277	4522
10988	9180
4192	6938
3069	12510
7614	10397
9246	3053
2857	18222
9956	2602
3401	12132
12437	4649
7577	3821
6745	6189
9115	7830
6489	10112
20808	6141
9614	11950
4361	7352
2568	10744
9849	16570
6028	13301
7237	10147
7783	11233
7702	14885
6575	1026
5159	10703
7911	7987
15650	7456
3371	19210
4987	8546
6443	893
7667	7925
5402	6423
11595	3591
14028	7664
4950	818
7842	2324
6266	8341
20557	2655
2915	5580
8597	9885
7250	4549
6105	4481
5746	4594
11275	10332
10266	2749
6740	7663
9918	3360
5415	5345
11255	22601
8975	2283
6267	25213
7362	1504
3493	2918
5170	6625
4955	2411
8471	3991
12503	10032
9804	2457
9893	12084
5260	4100
3339	3735
10381	6591
5885	5036
6165	6805
7398	8644
7636	12119
5393	21494
7155	7284
11105	5286
7380	3008
8256	7867
7115	4791
11716	7949
7143	6641
7898	20779
4292	16330
8026	4647
5503	17156
10130	5797
16370	9512
8233	1407
9366	16499
3951	10855
6162	2003
3802	2020
10321	5848
6641	1555
7514	6687
17018	7782
8837	5963
3602	16080
7549	13422
7883	7452
3435	4570
6049	4737
19762	11730
13037	9262
7936	8687
4911	12109
9445	9696
11997	19394
4081	13848
8387	6157
7907	4358
4803	6624
8953	9088
8628	7554
5516	5380
15903	12721
6816	19175
11295	7622
7591	8800
20224	4475
7953	4575
18522	2001
4141	6143
7758	11373
3807	1458
5928	4649
13566	7704
5853	7011
10697	12378
3952	16196
9064	14398
12942	4078
8553	6074
9493	2629
8119	6850
4451	8834
5491	7881
4219	5898
5773	1001
6130	22955
8818	1875
2082	3062
6774	9407
5711	7312
11284	7326
5725	5818
20213	7008
21227	10989
15552	7921
3230	7958
7761	3442
3656	3818
16608	9049
10695	7351
2989	8578
8517	5305
14017	8745
9081	11121
11717	4830
4993	9269
15743	9309
4743	4747
8957	11478
20683	10891
12305	10808
5009	15131
5864	14245
6634	8751
8061	8710
8144	7450
19490	9614
12312	1135
3267	4092
6772	13955
13816	32451
12794	2860
9676	3566
11643	21819
9965	22903
11660	14891
6037	16569
15711	2146
2814	7470
4330	10455
9820	6329
19571	11181
16762	5709
13995	3364
15447	10645
10799	9708
8173	7549
5625	4721
2608	6615
15663	8536
6578	2843
2682	4309
8091	2865
15185	7587
10990	13214
5371	2163
23741	18533
18368	6321
5824	5442
14018	5204
7670	2390
25673	12412
6709	5682
11271	7209
8333	6291
8447	1569
11624	24940
4594	14226
9063	11695
11800	7015
10021	5451
9517	4305
11929	17382
1393	14198
5975	13332
7493	11978
4201	2724
10932	3487
11506	3338
4937	3856
7708	3574
4810	4472
2110	1611
8199	2397
3863	3255
5533	9117
9815	6303
11258	10971
10097	4490
17993	13857
12313	3921
9106	7599
18522	11960
